A,0.6201403634,-0.1887490067,-1.238707362,-0.083627431,-1.3295515274,-1.3817211074,-0.4411927336
C,0.2900656539,-0.440414349,-0.768468803,-1.0499888558,-0.4892954561,-0.7749427039,-1.1148089927
D,-0.9002037534,1.5729083894,-0.8949657253,1.7375921773,-0.7249770371,-0.5018924223,-0.9180934196
E,-0.7401675306,1.5729083894,-0.2899804447,1.4774179475,-0.2536138752,0.0940506525,-0.4471141954
F,1.1902694072,-1.1954103759,1.1812337603,-1.1614920971,1.1707226359,0.8871967085,0.0258337226
G,0.4801086685,0.0629163356,-1.9949389627,0.250882293,-1.8009146893,-2.0318408254,2.2021631664
H,-0.4000905571,-0.1887490067,0.1775081812,0.7712307525,0.5559011203,0.447282366,-0.7161485037
I,1.3803124219,-0.8430788967,0.5762484798,-1.1614920971,0.1050320089,-0.0186367652,-0.2190379458
K,-1.500339589,1.5729083894,0.7549941308,1.1057404765,0.4431838425,0.9522086803,-0.2793753338
L,1.0602399762,-0.8430788967,0.5762484798,-1.2729953384,0.1050320089,0.2435781877,0.2430052544
M,0.6401448913,-0.5914135544,0.5927480783,-0.9756533616,0.463677893,0.4667859575,-0.5104661458
N,-0.7801765863,1.0695777048,-0.3807282368,1.2172437178,-0.4278133046,-0.3545319529,-0.4688005877
P,0.1200271671,0.0629163356,-0.8427169965,-0.1207951781,-0.4585543804,-0.7597732438,3.1323555935
Q,-0.8501924337,0.1635824725,0.2242570438,0.8083984996,0.0435498574,0.2457452534,0.2051540405
R,-2.5305727734,1.5729083894,0.8924907855,0.8083984996,1.1809696611,1.6066625298,0.1186545579
S,-0.1800407507,0.213915541,-1.1892085663,0.3252177872,-1.1655991233,-1.1281744173,-0.4805666091
T,-0.0500113196,-0.1384159383,-0.5842232857,0.1022113045,-0.6942359613,-0.6362504974,-0.5001766447
V,1.0802445041,-0.6920796913,-0.0287368008,-0.9013178674,-0.366331153,-0.3762026102,0.3250136544
W,0.810183378,-1.6484079921,2.0062136884,-1.0871566029,2.3901186418,1.8298702997,0.0323704012
Y,0.2600588621,-1.094744239,1.230732556,-0.789814626,1.252698838,1.1905859103,-0.188769279
